secao;campo;diagnostico_id;diagnostico;empresa;gerado_em;dimensao_numero;dimensao_id;dimensao;pergunta_id;pergunta;score;classificacao;respostas_total;respostas_fundador;respostas_lideranca;respostas_operacao;score_fundador;score_lideranca;score_operacao;variancia;gap;grupo_maior_score;grupo_menor_score;descricao
"resumo";"score_geral";"b68c7772-7bbb-404f-96c0-060c896276d5";"Maturidade de Gestão Q3";"Shipping Caps";"2026-08-26T19:53:04.589Z";;;;;;"4,2";"Consistente";"20";"0";"4";"16";;;;;;;;"Score geral consolidado do diagnóstico."
"resumo";"maior_gargalo";"b68c7772-7bbb-404f-96c0-060c896276d5";"Maturidade de Gestão Q3";"Shipping Caps";"2026-08-26T19:53:04.589Z";"4";"00000000-0000-4000-8000-000000000104";"Processos e Execução Operacional";;;"4,0";"Atenção";"20";"0";"4";"16";;"3,8";"4,0";;"0,2";;;"Dimensão com menor score consolidado."
"resumo";"maior_desalinhamento";"b68c7772-7bbb-404f-96c0-060c896276d5";"Maturidade de Gestão Q3";"Shipping Caps";"2026-08-26T19:53:04.589Z";"3";"00000000-0000-4000-8000-000000000103";"Comunicação e Gestão do Trabalho";;;"4,2";"Consistente";"20";"0";"4";"16";;"3,8";"4,3";;"0,5";"Operação";"Liderança";"Dimensão com maior diferença de percepção entre camadas."
"resumo";"media_por_camada";"b68c7772-7bbb-404f-96c0-060c896276d5";"Maturidade de Gestão Q3";"Shipping Caps";"2026-08-26T19:53:04.589Z";;;;;;;;"20";"0";"4";"16";;"4,1";"4,2";;;;;"Média consolidada por camada respondente."
"dimensao";"00000000-0000-4000-8000-000000000101";"b68c7772-7bbb-404f-96c0-060c896276d5";"Maturidade de Gestão Q3";"Shipping Caps";"2026-08-26T19:53:04.589Z";"1";"00000000-0000-4000-8000-000000000101";"Cultura e Segurança Psicológica";;;"4,2";"Consistente";"20";"0";"4";"16";;"4,1";"4,2";"1,04";"0,1";"Operação";"Liderança";"Avalia o quanto o ambiente permite voz, dissenso e aprendizado sem retaliação."
"dimensao";"00000000-0000-4000-8000-000000000102";"b68c7772-7bbb-404f-96c0-060c896276d5";"Maturidade de Gestão Q3";"Shipping Caps";"2026-08-26T19:53:04.589Z";"2";"00000000-0000-4000-8000-000000000102";"Visão e Alinhamento Estratégico";;;"4,3";"Consistente";"20";"0";"4";"16";;"4,3";"4,3";"0,70";;;;"Avalia clareza de propósito, prioridades estratégicas e cascata para a operação."
"dimensao";"00000000-0000-4000-8000-000000000103";"b68c7772-7bbb-404f-96c0-060c896276d5";"Maturidade de Gestão Q3";"Shipping Caps";"2026-08-26T19:53:04.589Z";"3";"00000000-0000-4000-8000-000000000103";"Comunicação e Gestão do Trabalho";;;"4,2";"Consistente";"20";"0";"4";"16";;"3,8";"4,3";"0,93";"0,5";"Operação";"Liderança";"Avalia rituais, fluxo de informação e governança do trabalho em curso."
"dimensao";"00000000-0000-4000-8000-000000000104";"b68c7772-7bbb-404f-96c0-060c896276d5";"Maturidade de Gestão Q3";"Shipping Caps";"2026-08-26T19:53:04.589Z";"4";"00000000-0000-4000-8000-000000000104";"Processos e Execução Operacional";;;"4,0";"Atenção";"20";"0";"4";"16";;"3,8";"4,0";"1,08";"0,2";"Operação";"Liderança";"Avalia repetibilidade, padronização e dependência de pessoas-chave."
"dimensao";"00000000-0000-4000-8000-000000000105";"b68c7772-7bbb-404f-96c0-060c896276d5";"Maturidade de Gestão Q3";"Shipping Caps";"2026-08-26T19:53:04.589Z";"5";"00000000-0000-4000-8000-000000000105";"Liderança, Delegação e Autonomia";;;"4,4";"Consistente";"20";"0";"4";"16";;"4,3";"4,3";"0,72";;;;"Avalia maturidade de delegação, accountability e desenvolvimento de líderes."
"dimensao";"00000000-0000-4000-8000-000000000106";"b68c7772-7bbb-404f-96c0-060c896276d5";"Maturidade de Gestão Q3";"Shipping Caps";"2026-08-26T19:53:04.589Z";"6";"00000000-0000-4000-8000-000000000106";"Performance, Prioridade e Foco";;;"4,2";"Consistente";"20";"0";"4";"16";;"4,1";"4,2";"0,91";"0,1";"Operação";"Liderança";"Avalia gestão de prioridades, foco e cultura de resultado."
"pergunta";"af77850c-7866-420d-8767-98c17e67c017";"b68c7772-7bbb-404f-96c0-060c896276d5";"Maturidade de Gestão Q3";"Shipping Caps";"2026-08-26T19:53:04.589Z";"1";"00000000-0000-4000-8000-000000000101";"Cultura e Segurança Psicológica";"af77850c-7866-420d-8767-98c17e67c017";"Problemas relevantes podem ser levantados sem custo político.";"4,2";"Consistente";"20";"0";"4";"16";;"4,0";"4,3";"1,06";"0,3";"Operação";"Liderança";
"pergunta";"082bb43a-e4a3-4213-901a-a45d48b0d096";"b68c7772-7bbb-404f-96c0-060c896276d5";"Maturidade de Gestão Q3";"Shipping Caps";"2026-08-26T19:53:04.589Z";"1";"00000000-0000-4000-8000-000000000101";"Cultura e Segurança Psicológica";"082bb43a-e4a3-4213-901a-a45d48b0d096";"O time consegue discordar de decisões quando identifica risco operacional.";"4,1";"Consistente";"20";"0";"4";"16";;"4,3";"4,0";"0,95";"0,3";"Liderança";"Operação";
"pergunta";"f5c24509-00ae-426d-bf8f-47b478ac2758";"b68c7772-7bbb-404f-96c0-060c896276d5";"Maturidade de Gestão Q3";"Shipping Caps";"2026-08-26T19:53:04.589Z";"1";"00000000-0000-4000-8000-000000000101";"Cultura e Segurança Psicológica";"f5c24509-00ae-426d-bf8f-47b478ac2758";"Erros recorrentes são tratados como aprendizado e não como culpa individual.";"4,3";"Consistente";"20";"0";"4";"16";;"4,0";"4,3";"0,89";"0,3";"Operação";"Liderança";
"pergunta";"0ae5d183-33ae-4cae-897b-1b0b5b52928b";"b68c7772-7bbb-404f-96c0-060c896276d5";"Maturidade de Gestão Q3";"Shipping Caps";"2026-08-26T19:53:04.589Z";"1";"00000000-0000-4000-8000-000000000101";"Cultura e Segurança Psicológica";"0ae5d183-33ae-4cae-897b-1b0b5b52928b";"Feedbacks são dados com clareza suficiente para melhorar comportamento e execução.";"4,2";"Consistente";"20";"0";"4";"16";;"4,5";"4,1";"1,16";"0,4";"Liderança";"Operação";
"pergunta";"20752cec-4c92-446d-baa2-ef0a01d709c7";"b68c7772-7bbb-404f-96c0-060c896276d5";"Maturidade de Gestão Q3";"Shipping Caps";"2026-08-26T19:53:04.589Z";"1";"00000000-0000-4000-8000-000000000101";"Cultura e Segurança Psicológica";"20752cec-4c92-446d-baa2-ef0a01d709c7";"As pessoas pedem ajuda antes que o problema vire urgência.";"4,1";"Consistente";"20";"0";"4";"16";;"3,8";"4,1";"1,15";"0,3";"Operação";"Liderança";
"pergunta";"27d384d9-bcf7-4be8-8a26-79b48d39f494";"b68c7772-7bbb-404f-96c0-060c896276d5";"Maturidade de Gestão Q3";"Shipping Caps";"2026-08-26T19:53:04.589Z";"2";"00000000-0000-4000-8000-000000000102";"Visão e Alinhamento Estratégico";"27d384d9-bcf7-4be8-8a26-79b48d39f494";"A direção comunica prioridades de forma clara para todos os níveis.";"4,5";"Consistente";"20";"0";"4";"16";;"4,5";"4,4";"0,35";"0,1";"Liderança";"Operação";
"pergunta";"eed449c7-1c09-441d-8793-eec86141c172";"b68c7772-7bbb-404f-96c0-060c896276d5";"Maturidade de Gestão Q3";"Shipping Caps";"2026-08-26T19:53:04.589Z";"2";"00000000-0000-4000-8000-000000000102";"Visão e Alinhamento Estratégico";"eed449c7-1c09-441d-8793-eec86141c172";"Cada área entende como seu trabalho contribui para os objetivos da empresa.";"4,6";"Consistente";"20";"0";"4";"16";;"4,5";"4,6";"0,35";"0,1";"Operação";"Liderança";
"pergunta";"4a11aa71-b59d-4694-9f7c-95f311896a40";"b68c7772-7bbb-404f-96c0-060c896276d5";"Maturidade de Gestão Q3";"Shipping Caps";"2026-08-26T19:53:04.589Z";"2";"00000000-0000-4000-8000-000000000102";"Visão e Alinhamento Estratégico";"4a11aa71-b59d-4694-9f7c-95f311896a40";"As metas de curto prazo estão conectadas à visão de médio prazo.";"4,2";"Consistente";"20";"0";"4";"16";;"4,3";"4,1";"0,73";"0,2";"Liderança";"Operação";
"pergunta";"d2c7695e-a9e9-4d01-8188-39d3c0f3f069";"b68c7772-7bbb-404f-96c0-060c896276d5";"Maturidade de Gestão Q3";"Shipping Caps";"2026-08-26T19:53:04.589Z";"2";"00000000-0000-4000-8000-000000000102";"Visão e Alinhamento Estratégico";"d2c7695e-a9e9-4d01-8188-39d3c0f3f069";"Mudanças de prioridade são explicadas com contexto suficiente.";"4,4";"Consistente";"20";"0";"4";"16";;"4,5";"4,3";"0,63";"0,2";"Liderança";"Operação";
"pergunta";"097e6af6-a1f9-438c-a80f-49453303330d";"b68c7772-7bbb-404f-96c0-060c896276d5";"Maturidade de Gestão Q3";"Shipping Caps";"2026-08-26T19:53:04.589Z";"2";"00000000-0000-4000-8000-000000000102";"Visão e Alinhamento Estratégico";"097e6af6-a1f9-438c-a80f-49453303330d";"O time consegue tomar decisões sem depender de alinhamentos excessivos.";"4,0";"Atenção";"20";"0";"4";"16";;"3,5";"4,1";"1,45";"0,6";"Operação";"Liderança";
"pergunta";"bc2cc381-6d2d-4716-a586-71ff7e95f603";"b68c7772-7bbb-404f-96c0-060c896276d5";"Maturidade de Gestão Q3";"Shipping Caps";"2026-08-26T19:53:04.589Z";"3";"00000000-0000-4000-8000-000000000103";"Comunicação e Gestão do Trabalho";"bc2cc381-6d2d-4716-a586-71ff7e95f603";"As informações necessárias chegam a tempo para decisão e execução.";"3,9";"Atenção";"20";"0";"4";"16";;"3,5";"4,0";"1,09";"0,5";"Operação";"Liderança";
"pergunta";"41efac12-8752-4ca5-87c9-f14d4c971c26";"b68c7772-7bbb-404f-96c0-060c896276d5";"Maturidade de Gestão Q3";"Shipping Caps";"2026-08-26T19:53:04.589Z";"3";"00000000-0000-4000-8000-000000000103";"Comunicação e Gestão do Trabalho";"41efac12-8752-4ca5-87c9-f14d4c971c26";"Reuniões têm pauta, decisão registrada e próximo passo definido.";"4,7";"Consistente";"20";"0";"4";"16";;"3,8";"4,9";"0,43";"1,1";"Operação";"Liderança";
"pergunta";"6b22d45a-a414-46d2-b850-c895707c5af6";"b68c7772-7bbb-404f-96c0-060c896276d5";"Maturidade de Gestão Q3";"Shipping Caps";"2026-08-26T19:53:04.589Z";"3";"00000000-0000-4000-8000-000000000103";"Comunicação e Gestão do Trabalho";"6b22d45a-a414-46d2-b850-c895707c5af6";"Áreas diferentes mantêm alinhamento sem depender de conversas informais.";"3,9";"Atenção";"20";"0";"4";"16";;"3,3";"4,0";"1,03";"0,7";"Operação";"Liderança";
"pergunta";"2ee8bd27-460a-446c-8bbb-6a05d990f2ff";"b68c7772-7bbb-404f-96c0-060c896276d5";"Maturidade de Gestão Q3";"Shipping Caps";"2026-08-26T19:53:04.589Z";"3";"00000000-0000-4000-8000-000000000103";"Comunicação e Gestão do Trabalho";"2ee8bd27-460a-446c-8bbb-6a05d990f2ff";"Responsáveis por decisões importantes são claros para o time.";"4,4";"Consistente";"20";"0";"4";"16";;"4,5";"4,4";"1,04";"0,1";"Liderança";"Operação";
"pergunta";"d603e4b8-c972-4ed8-bf44-3d9f5c612ec3";"b68c7772-7bbb-404f-96c0-060c896276d5";"Maturidade de Gestão Q3";"Shipping Caps";"2026-08-26T19:53:04.589Z";"3";"00000000-0000-4000-8000-000000000103";"Comunicação e Gestão do Trabalho";"d603e4b8-c972-4ed8-bf44-3d9f5c612ec3";"Bloqueios de comunicação são tratados antes de impactar entrega.";"4,1";"Consistente";"20";"0";"4";"16";;"3,8";"4,1";"1,05";"0,3";"Operação";"Liderança";
"pergunta";"70b3e79a-a537-4dc9-9723-548c1a70c724";"b68c7772-7bbb-404f-96c0-060c896276d5";"Maturidade de Gestão Q3";"Shipping Caps";"2026-08-26T19:53:04.589Z";"4";"00000000-0000-4000-8000-000000000104";"Processos e Execução Operacional";"70b3e79a-a537-4dc9-9723-548c1a70c724";"Os processos críticos estão documentados em um nível útil para execução.";"4,4";"Consistente";"20";"0";"4";"16";;"4,8";"4,3";"0,54";"0,5";"Liderança";"Operação";
"pergunta";"ae5cef84-2e52-4a06-b47b-6c422996ff24";"b68c7772-7bbb-404f-96c0-060c896276d5";"Maturidade de Gestão Q3";"Shipping Caps";"2026-08-26T19:53:04.589Z";"4";"00000000-0000-4000-8000-000000000104";"Processos e Execução Operacional";"ae5cef84-2e52-4a06-b47b-6c422996ff24";"A operação consegue repetir entregas sem depender de improviso.";"3,7";"Atenção";"20";"0";"4";"16";;"3,0";"3,8";"1,33";"0,8";"Operação";"Liderança";
"pergunta";"e43b7b1d-87a4-493f-ba68-c54ef0087a00";"b68c7772-7bbb-404f-96c0-060c896276d5";"Maturidade de Gestão Q3";"Shipping Caps";"2026-08-26T19:53:04.589Z";"4";"00000000-0000-4000-8000-000000000104";"Processos e Execução Operacional";"e43b7b1d-87a4-493f-ba68-c54ef0087a00";"Gargalos são identificados com dados e tratados de forma recorrente.";"4,0";"Atenção";"20";"0";"4";"16";;"3,5";"4,1";"1,25";"0,6";"Operação";"Liderança";
"pergunta";"2d8b4ec3-b6c0-46f0-8046-cb0f50f46c1d";"b68c7772-7bbb-404f-96c0-060c896276d5";"Maturidade de Gestão Q3";"Shipping Caps";"2026-08-26T19:53:04.589Z";"4";"00000000-0000-4000-8000-000000000104";"Processos e Execução Operacional";"2d8b4ec3-b6c0-46f0-8046-cb0f50f46c1d";"Ferramentas e rituais sustentam o trabalho sem criar burocracia excessiva.";"4,1";"Consistente";"20";"0";"4";"16";;"4,3";"4,1";"1,39";"0,2";"Liderança";"Operação";
"pergunta";"decbd5bf-1ba1-429f-b82b-819d92f58bba";"b68c7772-7bbb-404f-96c0-060c896276d5";"Maturidade de Gestão Q3";"Shipping Caps";"2026-08-26T19:53:04.589Z";"4";"00000000-0000-4000-8000-000000000104";"Processos e Execução Operacional";"decbd5bf-1ba1-429f-b82b-819d92f58bba";"A empresa reduz dependência de pessoas-chave nos fluxos principais.";"3,8";"Atenção";"20";"0";"4";"16";;"3,3";"3,9";"0,89";"0,6";"Operação";"Liderança";
"pergunta";"28eb6a84-52ec-484c-8a61-fd8b7cc8a434";"b68c7772-7bbb-404f-96c0-060c896276d5";"Maturidade de Gestão Q3";"Shipping Caps";"2026-08-26T19:53:04.589Z";"5";"00000000-0000-4000-8000-000000000105";"Liderança, Delegação e Autonomia";"28eb6a84-52ec-484c-8a61-fd8b7cc8a434";"A liderança delega com contexto, critério de sucesso e autonomia.";"4,5";"Consistente";"20";"0";"4";"16";;"4,5";"4,4";"0,45";"0,1";"Liderança";"Operação";
"pergunta";"5ae2311e-7d07-4871-9c25-95133e677487";"b68c7772-7bbb-404f-96c0-060c896276d5";"Maturidade de Gestão Q3";"Shipping Caps";"2026-08-26T19:53:04.589Z";"5";"00000000-0000-4000-8000-000000000105";"Liderança, Delegação e Autonomia";"5ae2311e-7d07-4871-9c25-95133e677487";"Gestores acompanham execução sem centralizar todas as decisões.";"4,1";"Consistente";"20";"0";"4";"16";;"3,5";"4,3";"0,89";"0,8";"Operação";"Liderança";
"pergunta";"4244b5e9-cf16-49de-a951-296ddc01108a";"b68c7772-7bbb-404f-96c0-060c896276d5";"Maturidade de Gestão Q3";"Shipping Caps";"2026-08-26T19:53:04.589Z";"5";"00000000-0000-4000-8000-000000000105";"Liderança, Delegação e Autonomia";"4244b5e9-cf16-49de-a951-296ddc01108a";"O time recebe suporte antes que problemas de execução escalem.";"4,1";"Consistente";"20";"0";"4";"16";;"4,3";"4,0";"1,35";"0,3";"Liderança";"Operação";
"pergunta";"370de8ca-d7b6-490b-86f2-9648d8abfd33";"b68c7772-7bbb-404f-96c0-060c896276d5";"Maturidade de Gestão Q3";"Shipping Caps";"2026-08-26T19:53:04.589Z";"5";"00000000-0000-4000-8000-000000000105";"Liderança, Delegação e Autonomia";"370de8ca-d7b6-490b-86f2-9648d8abfd33";"Responsabilidades entre líderes e operação são claras no dia a dia.";"4,6";"Consistente";"20";"0";"4";"16";;"4,8";"4,5";"0,35";"0,3";"Liderança";"Operação";
"pergunta";"327d7e38-9c03-487d-8068-6d08ea21fa8e";"b68c7772-7bbb-404f-96c0-060c896276d5";"Maturidade de Gestão Q3";"Shipping Caps";"2026-08-26T19:53:04.589Z";"5";"00000000-0000-4000-8000-000000000105";"Liderança, Delegação e Autonomia";"327d7e38-9c03-487d-8068-6d08ea21fa8e";"Líderes desenvolvem capacidade do time, não apenas cobram entrega.";"4,5";"Consistente";"20";"0";"4";"16";;"4,5";"4,5";"0,55";;;;
"pergunta";"1bcbbd1e-9d01-4f43-9ca3-b8579124361c";"b68c7772-7bbb-404f-96c0-060c896276d5";"Maturidade de Gestão Q3";"Shipping Caps";"2026-08-26T19:53:04.589Z";"6";"00000000-0000-4000-8000-000000000106";"Performance, Prioridade e Foco";"1bcbbd1e-9d01-4f43-9ca3-b8579124361c";"Métricas de sucesso são conhecidas por quem executa o trabalho.";"3,8";"Atenção";"20";"0";"4";"16";;"3,5";"3,9";"1,46";"0,4";"Operação";"Liderança";
"pergunta";"9e37873c-75ed-4a20-8407-abe96a7143b6";"b68c7772-7bbb-404f-96c0-060c896276d5";"Maturidade de Gestão Q3";"Shipping Caps";"2026-08-26T19:53:04.589Z";"6";"00000000-0000-4000-8000-000000000106";"Performance, Prioridade e Foco";"9e37873c-75ed-4a20-8407-abe96a7143b6";"Prioridades são protegidas quando surgem demandas paralelas.";"4,5";"Consistente";"20";"0";"4";"16";;"4,5";"4,4";"0,45";"0,1";"Liderança";"Operação";
"pergunta";"7b1a8d0b-506b-4099-a646-dbcc167a101a";"b68c7772-7bbb-404f-96c0-060c896276d5";"Maturidade de Gestão Q3";"Shipping Caps";"2026-08-26T19:53:04.589Z";"6";"00000000-0000-4000-8000-000000000106";"Performance, Prioridade e Foco";"7b1a8d0b-506b-4099-a646-dbcc167a101a";"A empresa acompanha resultado com cadência suficiente para corrigir rota.";"4,3";"Consistente";"20";"0";"4";"16";;"3,8";"4,4";"1,19";"0,6";"Operação";"Liderança";
"pergunta";"a763f527-cd3d-4271-814c-9c69ecbd00b5";"b68c7772-7bbb-404f-96c0-060c896276d5";"Maturidade de Gestão Q3";"Shipping Caps";"2026-08-26T19:53:04.589Z";"6";"00000000-0000-4000-8000-000000000106";"Performance, Prioridade e Foco";"a763f527-cd3d-4271-814c-9c69ecbd00b5";"Reconhecimento e cobrança estão conectados a entregas objetivas.";"4,5";"Consistente";"20";"0";"4";"16";;"4,5";"4,5";"0,45";;;;
"pergunta";"f7eda8fc-eabf-41b0-b134-773e96e3c25a";"b68c7772-7bbb-404f-96c0-060c896276d5";"Maturidade de Gestão Q3";"Shipping Caps";"2026-08-26T19:53:04.589Z";"6";"00000000-0000-4000-8000-000000000106";"Performance, Prioridade e Foco";"f7eda8fc-eabf-41b0-b134-773e96e3c25a";"O foco operacional é preservado nos ciclos de maior pressão.";"4,0";"Atenção";"20";"0";"4";"16";;"4,3";"3,9";"1,00";"0,4";"Liderança";"Operação";

